{
  "Saint Joseph's": 82.1140530979894,
  "Alabama": 81.8844008780362,
  "Middle Tennessee": 81.33841234480272,
  "Arkansas St.": 80.38971670840935,
  "Louisville": 79.72452020697776,
  "Providence": 78.7220325970929,
  "Marshall": 78.52151111257066,
  "Akron": 78.09642670311457,
  "North Dakota": 77.58985805529447,
  "UAB": 77.16231555261072,
  "San Francisco": 76.93687375922596,
  "Fordham": 76.89885414027017,
  "South Dakota St.": 76.68914824920579,
  "California": 76.18470131816728,
  "North Carolina": 75.49373022489273,
  "Dartmouth": 75.27382244362484,
  "North Florida": 75.08642913644204,
  "Quinnipiac": 74.92160011408502,
  "Charleston Southern": 74.91679802983876,
  "Bryant": 74.88565841296415,
  "Boise St.": 74.56107931467584,
  "Queens": 74.42115822518346,
  "Wisconsin": 74.37416758283472,
  "Florida Atlantic": 74.2349908916765,
  "Oregon": 74.0678664191093,
  "Utah": 73.54456373079246,
  "Cornell": 73.1568523708217,
  "Rhode Island": 71.86285895237978,
  "North Dakota St.": 71.83533115218358,
  "DePaul": 71.43744560353144,
  "Kentucky": 71.06388736319077,
  "Indiana St.": 70.8146030510023,
  "James Madison": 70.77920798605652,
  "Florida": 70.62300454247196,
  "Creighton": 70.60396397342004,
  "Butler": 70.58802966094919,
  "Youngstown St.": 70.1445952549481,
  "South Carolina": 70.13468966030635,
  "Furman": 69.62930119387467,
  "Santa Clara": 69.33164663212182,
  "Kennesaw St.": 69.28044791130142,
  "Lipscomb": 68.98330934406457,
  "Rice": 68.97991711176269,
  "UC Riverside": 68.78538556554678,
  "High Point": 68.73187537439428,
  "Stanford": 68.33063188877023,
  "Saint Louis": 67.79730032730261,
  "Buffalo": 67.58073383903807,
  "Vanderbilt": 66.96558312659778,
  "Auburn": 66.79275727105292,
  "Arizona": 66.41771287216974,
  "Duke": 66.15495043392534,
  "Indiana": 66.05310969683822,
  "Tennessee Tech": 65.91662388673878,
  "Ohio": 65.89476794148192,
  "Charleston": 65.81929574684833,
  "VCU": 65.41139870184614,
  "Saint Mary's": 65.2095540811659,
  "Hawaii": 64.93215450077925,
  "UCF": 64.90219773697378,
  "Michigan": 64.8966742732324,
  "Northern Arizona": 64.73668587883171,
  "Valparaiso": 64.730498479473,
  "Robert Morris": 64.4060429544041,
  "LSU": 64.3716592663204,
  "Northern Colorado": 64.11053122906078,
  "Wichita St.": 64.102767150287,
  "UC Santa Barbara": 64.04453747101516,
  "Gonzaga": 63.679400475124694,
  "Mississippi St.": 63.59026649922235,
  "Syracuse": 63.47674600870311,
  "Manhattan": 63.44189565427629,
  "Montana St.": 63.40293721351635,
  "Idaho St.": 63.19798796813192,
  "Utah Valley": 63.12916291549634,
  "Tulsa": 62.93192860147893,
  "Texas Tech": 62.77787647391705,
  "Penn": 62.66388094907582,
  "Towson": 62.5735806519898,
  "Maryland": 62.53275248034063,
  "Toledo": 62.28193197317671,
  "Milwaukee": 62.21078086937139,
  "Old Dominion": 62.05132281856304,
  "UT Rio Grande Valley": 61.952349126223496,
  "Missouri": 61.51606631804,
  "Delaware": 61.49671279262175,
  "Grand Canyon": 61.45080651458908,
  "Pepperdine": 61.41982276303174,
  "Air Force": 61.36903400911474,
  "Wright St.": 61.33141494635178,
  "Liberty": 61.29789479287998,
  "Charlotte": 61.14373683885909,
  "Georgia St.": 61.138604281464005,
  "Murray St.": 61.050544374902096,
  "Davidson": 60.69839342267101,
  "Princeton": 60.63935270094902,
  "UT Arlington": 60.61740447326399,
  "Stonehill": 60.53849839105264,
  "Fairleigh Dickinson": 60.10584455669262,
  "Georgia Tech": 60.10563850832028,
  "Gardner Webb": 60.02589920409882,
  "Southern Utah": 59.80648563498763,
  "Nebraska Omaha": 59.73669271564694,
  "Holy Cross": 59.47737389499596,
  "UC Irvine": 59.43505043729696,
  "Loyola MD": 59.42558203009421,
  "Wofford": 59.3430865905773,
  "Temple": 59.25891577704942,
  "Western Carolina": 59.21742076460995,
  "Ball St.": 59.15663361276235,
  "Louisiana Tech": 59.04074433719472,
  "Loyola Marymount": 59.00419584671019,
  "BYU": 58.89574382375703,
  "Bethune Cookman": 58.85612043344412,
  "Drexel": 58.658452027553025,
  "Montana": 58.44067827248556,
  "Connecticut": 58.33324429262997,
  "Marist": 58.306716681039454,
  "Iowa St.": 58.28425977712285,
  "Texas": 58.229870846900575,
  "Idaho": 58.165191243453584,
  "Siena": 57.97450075945844,
  "Portland": 57.90980371420565,
  "UMass Lowell": 57.83144335320967,
  "Xavier": 57.78681754765373,
  "Rutgers": 57.74517502281655,
  "Chattanooga": 57.72911320289267,
  "Southern Miss": 57.51192410401052,
  "Tennessee St.": 57.0788974381537,
  "Morehead St.": 56.928770089424106,
  "Cal Baptist": 56.89921239679429,
  "Colorado St.": 56.85859565557599,
  "Eastern Kentucky": 56.75745152978378,
  "Loyola Chicago": 56.63231859040899,
  "Elon": 56.605901697776964,
  "Florida A&M": 56.29847428432742,
  "Nicholls St.": 56.06592822875503,
  "St. John's": 56.044572728908776,
  "Cincinnati": 55.939252859769184,
  "Columbia": 55.6931480597279,
  "Marquette": 55.57434031516695,
  "Brown": 55.50626750307284,
  "East Carolina": 55.45274133927236,
  "William & Mary": 55.40673908069468,
  "Winthrop": 55.26198505898599,
  "Colorado": 55.203485450815194,
  "Jacksonville St.": 55.11593876110031,
  "Troy": 55.0599260256425,
  "Albany": 54.938026339447056,
  "Kansas": 54.80141380877114,
  "Michigan St.": 54.67552281856678,
  "Colgate": 54.26056583410091,
  "Washington St.": 54.23769223524714,
  "Army": 54.227029859564446,
  "Florida Gulf Coast": 54.03236599690823,
  "UNC Wilmington": 53.86141947645091,
  "North Carolina A&T": 53.81484761453827,
  "Vermont": 53.76698695976674,
  "Memphis": 53.622947131979835,
  "Navy": 53.50589032599652,
  "Incarnate Word": 53.425193066127754,
  "Georgia": 53.42115916369487,
  "Lafayette": 53.285442742566005,
  "Howard": 53.185258165399276,
  "North Alabama": 53.16017884283156,
  "New Mexico": 52.925226629430895,
  "Arizona St.": 52.65754049601719,
  "UMBC": 52.63989183078951,
  "Belmont": 52.54850126462202,
  "South Dakota": 52.48504660007814,
  "Miami FL": 52.47210174206981,
  "Houston Christian": 52.432233038208224,
  "Cal Poly": 52.4284573773439,
  "Clemson": 52.362990549152656,
  "Sacred Heart": 52.15754412220662,
  "Miami OH": 52.14627459948404,
  "Boston University": 52.10507989305374,
  "Virginia": 52.049497198060934,
  "Arkansas": 51.98610744232907,
  "Washington": 51.79332100599932,
  "Oklahoma": 51.66652195059366,
  "NJIT": 51.21730304749997,
  "Western Michigan": 51.05712978197886,
  "Mount St. Mary's": 50.970182242570125,
  "Ohio St.": 50.83216436931904,
  "Mercer": 50.82127450584994,
  "George Washington": 50.76302103127237,
  "Appalachian St.": 50.448310522501615,
  "Lehigh": 50.28075857823397,
  "Boston College": 50.226277147836306,
  "Southeast Missouri St.": 50.011572975025445,
  "Coastal Carolina": 49.93673572379682,
  "Northeastern": 49.819084630277274,
  "Utah St.": 49.81041886834112,
  "Notre Dame": 49.46617208500927,
  "Tennessee": 49.2541744219233,
  "Texas A&M": 49.22212732454877,
  "Kansas St.": 48.8350300540188,
  "Iowa": 48.72511822154495,
  "Wyoming": 48.72216734213818,
  "Green Bay": 48.71437799655362,
  "Campbell": 48.68161284017239,
  "SMU": 48.62717826633921,
  "Yale": 48.44231083576116,
  "UMKC": 48.4375718149444,
  "American": 48.358998089168935,
  "Austin Peay": 48.27742381519791,
  "Bowling Green": 47.76501182939422,
  "Massachusetts": 47.61781859271515,
  "La Salle": 47.49038090532311,
  "USC Upstate": 47.47005521229804,
  "Oral Roberts": 47.45053530819691,
  "IU Indy": 47.27954268185778,
  "Georgia Southern": 47.24048679019032,
  "Binghamton": 47.15660553750478,
  "Dayton": 47.11958837686129,
  "New Mexico St.": 47.109979458130006,
  "Bucknell": 47.10497206292702,
  "N.C. State": 47.01004587345685,
  "San Jose St.": 46.8192933656445,
  "UNC Greensboro": 46.71521210006611,
  "Penn St.": 46.62283587133517,
  "Georgetown": 46.05385684950714,
  "SIU Edwardsville": 45.832982456593285,
  "UC San Diego": 45.82922672583871,
  "West Virginia": 45.71743064596672,
  "Southern Indiana": 45.716191243622106,
  "Harvard": 45.67215313324694,
  "Samford": 45.649643473745805,